<?xml version="1.0" encoding="UTF-8"?>
<actions>
	
	<action itemid="8982" script="addondoll.lua"/>
	<action itemid="9019" script="mount_doll.lua"/>
	<action itemid="39590" script="mount_doll2.lua"/>
	<action itemid="39670" script="outfitdoll.lua"/>
	<action itemid="39661" script="outfitdoll2.lua"/>
	<action itemid="29032" script="stamina_refuel.lua" />
	<action itemid="39624" script="stamina_refuel1.lua" />
	<action itemid="37438" script="stamina_refuel2.lua" />
	<action itemid="37417" script="frag_remover.lua" />
	<action itemid="13560" script="change_sex.lua" />
	
	<action itemid="2148" script="changegold.lua" />
	<action itemid="2152" script="changegold.lua" />
	<action itemid="2160" script="changegold.lua" />
	
	<action actionid="18562" script="newlottery.lua" />
	<action actionid="18564" script="newlottery2.lua" />
	<action actionid="18566" script="newlottery3.lua" />
	<action actionid="18568" script="newlottery4.lua" />
	
	<action actionid="33336" script="daily/dolldaily.lua" />
	<action actionid="33337" script="daily/dolldaily1.lua" />
	<action actionid="33338" script="daily/dolldaily2.lua" />
	
	
	<action actionid="23452" script="regalo.lua" />
	
	
	<action actionid="33339" script="daily/refinedaily.lua" />
	
	<action itemid="39012" script="crafting.lua"/>
	
	
	<action actionid="33340" script="daily/adondaily.lua" />
	<action actionid="33341" script="daily/adondaily1.lua" />
	
	
	<action actionid="33342" script="daily/moneydaily.lua" />
	
	
	<action actionid="33343" script="daily/presentdaily.lua" />
	<action actionid="33344" script="daily/presentdaily1.lua" />
	<action actionid="33345" script="daily/presentdaily2.lua" />
	<action actionid="33346" script="daily/presentdaily3.lua" />
	
	<action actionid="33350" script="daily/smallstamina1.lua" />
	<action actionid="33351" script="daily/smallexp1.lua" />
	
	

	
	<action itemid="39686" script="refine.lua"/>
	<action itemid="8306" script="refine2.lua"/>
	<action itemid="36819" script="refine3.lua"/>
	<action itemid="18312" script="refine4.lua"/>
	<action itemid="5958" script="secondpromotion.lua"/>
	<action itemid="38991" script="sorcererbox.lua"/>
	<action itemid="38992" script="druidbox.lua"/>
	<action itemid="38993" script="paladinbox.lua"/>
	<action itemid="38994" script="knightbox.lua"/>
	<action itemid="18547" script="freeaddon.lua"/>
	
	<action itemid="39013" script="chescos.lua"/>
	
	<action itemid="33278" script="exp2.lua"/>
	<action itemid="37419" script="exp5.lua"/>
	<action itemid="27616" script="exp3.lua"/>
	<action itemid="39541" script="exp4.lua"/>
	<action itemid="39763" script="pet.lua"/>
	<action itemid="39775" script="pet1.lua"/>
	<action itemid="39762" script="pet2.lua"/>
	<action itemid="39772" script="pet3.lua"/>
	<action itemid="39764" script="pet4.lua"/>
	<action itemid="39766" script="pet5.lua"/>
	<action itemid="39768" script="pet6.lua"/>
	<action itemid="39773" script="pet7.lua"/>
	<action itemid="39769" script="pet8.lua"/>
	<action itemid="39765" script="pet9.lua"/>
	<action itemid="39776" script="pet10.lua"/>
	<action itemid="39777" script="pet11.lua"/>
	<action itemid="39778" script="pet12.lua"/>
	<action itemid="39779" script="pet13.lua"/>
	<action itemid="39780" script="pet14.lua"/>
	<action itemid="39781" script="pet15.lua"/>
	<action itemid="39782" script="pet16.lua"/>
	<action itemid="39783" script="pet17.lua"/>
	<action itemid="39784" script="pet18.lua"/>
	<action itemid="39785" script="pet19.lua"/>
	<action itemid="39786" script="pet20.lua"/>
	<action itemid="39787" script="pet21.lua"/>
	<action itemid="39789" script="pet22.lua"/>
	<action itemid="39790" script="pet23.lua"/>
	<action itemid="39791" script="pet24.lua"/>
	<action itemid="39792" script="pet25.lua"/>
	<action itemid="39793" script="pet26.lua"/>
	<action itemid="39794" script="pet27.lua"/>
	<action itemid="27968" script="tibiacoin.lua"/>
	<action itemid="27058" script="tibiacoin2.lua"/>
	<action itemid="24774" script="tibiacoin3.lua"/>
	<action itemid="28149" script="pet28.lua"/>
	<action itemid="28150" script="pet29.lua"/>
	<action itemid="28151" script="pet30.lua"/>
	<action itemid="28152" script="pet31.lua"/>
	<action itemid="28153" script="pet32.lua"/>
	<action itemid="28154" script="pet33.lua"/>
	<action itemid="28171" script="pet34.lua"/>
	<action itemid="28172" script="pet35.lua"/>
	<action itemid="28173" script="pet36.lua"/>
	<action itemid="28174" script="pet37.lua"/>
	<action itemid="28155" script="pet38.lua"/>
	<action itemid="28156" script="pet39.lua"/>
	<action itemid="28157" script="pet40.lua"/>
	<action itemid="28158" script="pet41.lua"/>
	<action itemid="28159" script="pet42.lua"/>
	<action itemid="28160" script="pet43.lua"/>
	<action itemid="28161" script="pet44.lua"/>
	<action itemid="28162" script="pet45.lua"/>
	<action itemid="28163" script="pet46.lua"/>
	<action itemid="28164" script="pet47.lua"/>
	<action itemid="28165" script="pet48.lua"/>
	<action itemid="28166" script="pet49.lua"/>
	<action itemid="28167" script="pet50.lua"/>
	<action itemid="28168" script="pet51.lua"/>
	<action itemid="28169" script="pet52.lua"/>
	<action itemid="28170" script="pet53.lua"/>
	<action itemid="28038" script="pet54.lua"/>
	<action itemid="28039" script="pet55.lua"/>
	<action itemid="28040" script="pet56.lua"/>
	<action itemid="28041" script="pet57.lua"/>
	<action itemid="28042" script="pet58.lua"/>
	<action itemid="28043" script="pet59.lua"/>
	<action itemid="28046" script="pet60.lua"/>
	<action itemid="28050" script="pet61.lua"/>
	<action itemid="28051" script="pet62.lua"/>
	<action itemid="28048" script="pet63.lua"/>
	<action itemid="28053" script="pet64.lua"/>
	<action itemid="28054" script="pet65.lua"/>
	<action itemid="28052" script="pet66.lua"/>
	<action itemid="28044" script="pet67.lua"/>
	<action itemid="28045" script="pet68.lua"/>
	<action itemid="28047" script="pet69.lua"/>
	<action itemid="28049" script="pet70.lua"/>
	<action itemid="39788" script="pet71.lua"/>
	<action itemid="39774" script="pet72.lua"/>
	<action itemid="39771" script="pet73.lua"/>
	<action itemid="39770" script="pet74.lua"/>
	<action itemid="39767" script="pet75.lua"/>
	<action itemid="39032" script="pet76.lua"/>
	<action itemid="28178" script="pet77.lua"/>
	<action itemid="28179" script="pet78.lua"/>
	<action itemid="28180" script="pet79.lua"/>
	<action itemid="28181" script="pet80.lua"/>
	<action itemid="28182" script="pet81.lua"/>
	<action itemid="28183" script="pet82.lua"/>
	<action itemid="28184" script="pet83.lua"/>
	<action itemid="28185" script="pet84.lua"/>
	<action itemid="28186" script="pet85.lua"/>
	<action itemid="28187" script="pet86.lua"/>
	<action itemid="28188" script="pet87.lua"/>
	<action itemid="28189" script="pet88.lua"/>
	<action itemid="28190" script="pet89.lua"/>
	<action itemid="28191" script="pet90.lua"/>
	<action itemid="28192" script="pet91.lua"/>
	<action itemid="28193" script="pet92.lua"/>
	<action itemid="28194" script="pet93.lua"/>
	<action itemid="28195" script="pet94.lua"/>
	<action itemid="28211" script="pet95.lua"/>
	<action itemid="28389" script="pet96.lua"/>
	<action itemid="28426" script="pet97.lua"/>
	<action itemid="28427" script="pet98.lua"/>
	<action itemid="28428" script="pet99.lua"/>
	<action itemid="28429" script="pet100.lua"/>
	<action itemid="28430" script="pet101.lua"/>
	
	
	
	
	
	<action itemid="28390" script="pet102.lua"/>
	<action itemid="28431" script="pet103.lua"/>
	<action itemid="28432" script="pet104.lua"/>
	<action itemid="28433" script="pet105.lua"/>
	<action itemid="28434" script="pet106.lua"/>
	
	
	<action itemid="28391" script="pet107.lua"/>
	<action itemid="28435" script="pet108.lua"/>
	<action itemid="28436" script="pet109.lua"/>
	<action itemid="28437" script="pet110.lua"/>
	<action itemid="28438" script="pet111.lua"/>
	
	
	<action itemid="28392" script="pet112.lua"/>
	<action itemid="28439" script="pet113.lua"/>
	<action itemid="28440" script="pet114.lua"/>
	<action itemid="28441" script="pet115.lua"/>
	<action itemid="28442" script="pet116.lua"/>
	<action itemid="28443" script="pet117.lua"/>
	
	
	<action itemid="28394" script="pet118.lua"/>
	<action itemid="28398" script="pet119.lua"/>
	<action itemid="28399" script="pet120.lua"/>
	<action itemid="28400" script="pet121.lua"/>
	<action itemid="28401" script="pet122.lua"/>
	
	
	<action itemid="28395" script="pet123.lua"/>
	<action itemid="28402" script="pet124.lua"/>
	<action itemid="28403" script="pet125.lua"/>
	<action itemid="28404" script="pet126.lua"/>
	
	<action itemid="28405" script="pet127.lua"/>
	<action itemid="28406" script="pet128.lua"/>
	<action itemid="28407" script="pet129.lua"/>
	<action itemid="28408" script="pet130.lua"/>
	<action itemid="28409" script="pet131.lua"/>
	
	<action itemid="28396" script="pet132.lua"/>
	<action itemid="28410" script="pet133.lua"/>
	<action itemid="28411" script="pet134.lua"/>
	
	
	<action itemid="28412" script="pet135.lua"/>
	<action itemid="28413" script="pet136.lua"/>
	<action itemid="28414" script="pet137.lua"/>
	<action itemid="28415" script="pet138.lua"/>
	
	
	<action itemid="28397" script="pet139.lua"/>
	<action itemid="28416" script="pet140.lua"/>
	<action itemid="28417" script="pet141.lua"/>
	<action itemid="28418" script="pet142.lua"/>
	<action itemid="28419" script="pet143.lua"/>
	<action itemid="28420" script="pet144.lua"/>
	<action itemid="28421" script="pet145.lua"/>
	<action itemid="28422" script="pet146.lua"/>
	<action itemid="28423" script="pet147.lua"/>
	<action itemid="28424" script="pet148.lua"/>
	<action itemid="28425" script="pet149.lua"/>
	
	<action itemid="39533" script="pet150.lua"/>
	<action itemid="39534" script="pet151.lua"/>
	<action itemid="39535" script="pet152.lua"/>
	<action itemid="39536" script="pet153.lua"/>
	<action itemid="39537" script="pet154.lua"/>
	
	
	<action itemid="39546" script="pet155.lua"/>
	<action itemid="39545" script="pet156.lua"/>
	<action itemid="39544" script="pet157.lua"/>
	<action itemid="39543" script="pet158.lua"/>
	<action itemid="39542" script="pet159.lua"/>
	<action itemid="39540" script="pet160.lua"/>
	<action itemid="39539" script="pet161.lua"/>
	<action itemid="39538" script="pet162.lua"/>
	
	<action itemid="21703" script="pet999.lua"/>
	
	
	
	
	<action fromid="27728" toid="27729" function="imbuement" />
	<action fromid="27850" toid="27851" function="imbuement" />
	
	
	<!-- QUEST ELEGANCY -->
	<action fromuid="13001" touid="13003" script="quests elegancy/yalahari.lua" />
	<action fromuid="13004" touid="13007" script="quests elegancy/oak.lua" />
	<action fromuid="13008" touid="13009" script="quests elegancy/necro.lua" />
	<action fromuid="13010" touid="13012" script="quests elegancy/dwarven.lua" />
	<action fromuid="13013" touid="13021" script="quests elegancy/inqui.lua" />
	<action fromuid="13022" touid="13024" script="quests elegancy/poi.lua" />
	<action fromuid="13025" touid="13028" script="quests elegancy/rainbow.lua" />
	<action fromuid="13029" touid="13036" script="quests elegancy/bp.lua" />
	<action fromuid="13037" touid="13056" script="quests elegancy/element.lua" />
	<action fromuid="13057" touid="13059" script="quests elegancy/draken.lua" />
	<action fromuid="13060" touid="13064" script="quests elegancy/prismatic.lua" />
	<action fromuid="13065" touid="13069" script="quests elegancy/gnome.lua" />
	<action fromuid="13070" touid="13076" script="quests elegancy/impaler.lua" />
	<action fromuid="13077" touid="13087" script="quests elegancy/falcon.lua" />
	<action fromuid="13088" touid="13091" script="quests elegancy/gill.lua" />
	<action fromuid="13092" touid="13099" script="quests elegancy/cobra.lua" />
	<action fromuid="13100" touid="13109" script="quests elegancy/lion.lua" />
	<action fromuid="13110" touid="13113" script="quests elegancy/ghost.lua" />
	<action fromuid="13114" touid="13123" script="quests elegancy/destruction.lua" />
	<action fromuid="13124" touid="13127" script="quests elegancy/dark.lua" />
	<action fromuid="13128" touid="13131" script="quests elegancy/tool.lua" />
	<action fromuid="13132" touid="13138" script="quests elegancy/summer.lua" />
	<action fromuid="13139" touid="13142" script="quests elegancy/yetti.lua" />
	<action fromuid="13143" touid="13145" script="quests elegancy/swan.lua" />
	<action fromuid="13146" touid="13157" script="quests elegancy/amulet.lua" />
	<action fromuid="13158" touid="13160" script="quests elegancy/embrance.lua" />
	<action fromuid="13161" touid="13163" script="quests elegancy/mortis.lua" />
	<action fromuid="13164" touid="13166" script="quests elegancy/mortal.lua" />
	<action fromuid="13167" touid="13184" script="quests elegancy/souls.lua" />
	<action fromuid="13185" touid="13188" script="quests elegancy/ring.lua" />
	<action fromuid="13189" touid="13192" script="quests elegancy/bow.lua" />
	<action fromuid="13193" touid="13196" script="quests elegancy/bootsknight.lua" />
	<action fromuid="13198" touid="13201" script="quests elegancy/spellbook.lua" />
	<action fromuid="13202" touid="13205" script="quests elegancy/legsmage.lua" />
	<action fromuid="13206" touid="13209" script="quests elegancy/bootsmage.lua" />
	<action fromuid="13210" touid="13213" script="quests elegancy/helmetmage.lua" />
	<action fromuid="13214" touid="13217" script="quests elegancy/wand.lua" />
	<action fromuid="13218" touid="13221" script="quests elegancy/helmetknight.lua" />
	<action fromuid="13222" touid="13225" script="quests elegancy/armor.lua" />
	<action fromuid="13226" touid="13229" script="quests elegancy/legsknight.lua" />
    <action fromuid="13230" touid="13238" script="quests elegancy/arma.lua" />
    <action fromuid="13239" touid="13242" script="quests elegancy/shield.lua" />
	 <action fromuid="13243" touid="13246" script="quests elegancy/robe.lua" />
	<action actionid="13243" script="chestoutfit.lua" />
	<action actionid="13244" script="chestoutfit1.lua" />
	<action actionid="13245" script="chestoutfit2.lua" />
	<action actionid="13246" script="chestoutfit3.lua" />
	<action actionid="13247" script="chestoutfit4.lua" />
	<action actionid="13248" script="chestoutfit5.lua" />
	<action actionid="13249" script="chestoutfit6.lua" />
	<action actionid="13250" script="chestoutfit7.lua" />
	<action actionid="13251" script="chestoutfit8.lua" />
	<action actionid="13252" script="chestoutfit9.lua" />
	<action actionid="13253" script="chestoutfit10.lua" />
	<action actionid="13254" script="chestoutfit11.lua" />
	<action actionid="13255" script="chestoutfit12.lua" />
	<action actionid="13256" script="chestoutfit13.lua" />
	<action actionid="13257" script="chestoutfit14.lua" />
	<action actionid="13258" script="chestoutfit15.lua" />
	<action actionid="13259" script="chestoutfit16.lua" />
	<action actionid="13260" script="chestoutfit17.lua" />
	<action actionid="13261" script="chestoutfit18.lua" />
	<action actionid="13262" script="chestoutfit19.lua" />
	<action actionid="13263" script="chestoutfit20.lua" />
	<action actionid="13264" script="chestoutfit21.lua" />
	<action actionid="13265" script="chestoutfit22.lua" />
	<action actionid="13266" script="chestoutfit23.lua" />
	<action actionid="13267" script="chestoutfit24.lua" />
	<action actionid="13268" script="chestoutfit25.lua" />
	<action actionid="13269" script="chestoutfit26.lua" />
	<action actionid="13270" script="chestoutfit27.lua" />
	<action actionid="13271" script="chestoutfit28.lua" />
	<action actionid="13272" script="chestoutfit29.lua" />
	<action actionid="13273" script="chestoutfit30.lua" />
	<action actionid="13274" script="chestoutfit31.lua" />
	<action actionid="13275" script="chestoutfit32.lua" />
	<action actionid="13276" script="chestoutfit33.lua" />
	<action actionid="13277" script="chestoutfit34.lua" />
	
	
	<action actionid="13278" script="chestoutfit35.lua" />
	<action actionid="13279" script="chestoutfit36.lua" />
	<action actionid="13280" script="chestoutfit37.lua" />
	<action actionid="13281" script="chestoutfit38.lua" />
	<action actionid="13282" script="chestoutfit39.lua" />
	<action actionid="13283" script="chestoutfit40.lua" />
	<action actionid="13284" script="chestoutfit41.lua" />
	
	
	<action fromuid="15010" touid="15012" script="quests elegancy/poke.lua" />
	<action fromuid="15013" touid="15016" script="quests elegancy/poke1.lua" />
	<action fromuid="15017" touid="15021" script="quests elegancy/poke2.lua" />
	<action fromuid="15022" touid="15027" script="quests elegancy/poke3.lua" />
	<action fromuid="15057" touid="15059" script="quests elegancy/poke4.lua" />
	<action fromuid="15060" touid="15062" script="quests elegancy/poke5.lua" />
	<action fromuid="15063" touid="15066" script="quests elegancy/poke6.lua" />
	<action fromuid="15067" touid="15071" script="quests elegancy/poke7.lua" />
	<action fromuid="15072" touid="15076" script="quests elegancy/poke8.lua" />
	<action fromuid="15077" touid="15082" script="quests elegancy/poke9.lua" />
	<action fromuid="15083" touid="15088" script="quests elegancy/poke10.lua" />
	
	
	<action fromuid="15089" touid="15091" script="quests elegancy/dbz1.lua" />
	<action fromuid="15092" touid="15094" script="quests elegancy/dbz2.lua" />
	<action fromuid="15095" touid="15099" script="quests elegancy/dbz3.lua" />
	<action fromuid="15100" touid="15104" script="quests elegancy/dbz4.lua" />
	<action fromuid="15105" touid="15110" script="quests elegancy/dbz5.lua" />
	
	<action fromuid="15111" touid="15115" script="quests elegancy/naruto1.lua" />
	<action fromuid="15116" touid="15119" script="quests elegancy/naruto2.lua" />
	<action fromuid="15120" touid="15124" script="quests elegancy/naruto3.lua" />
	<action fromuid="15125" touid="15127" script="quests elegancy/naruto4.lua" />
	<action fromuid="15128" touid="15131" script="quests elegancy/naruto5.lua" />
	<action fromuid="15132" touid="15135" script="quests elegancy/naruto6.lua" />
	<action fromuid="15136" touid="15138" script="quests elegancy/naruto7.lua" />
	<action fromuid="15139" touid="15142" script="quests elegancy/naruto8.lua" />
	
	
	<action fromuid="15028" touid="15033" script="quests elegancy/brutalarmas.lua" />
	<action fromuid="16000" touid="16015" script="quests elegancy/brutalarmor.lua" />
	<action fromuid="15034" touid="15035" script="quests elegancy/lomitos.lua" />
	<action fromuid="15036" touid="15038" script="quests elegancy/brutalbp.lua" />
    <action uniqueid="15039" script="quests elegancy/refine.lua" />
    <action fromuid="15040" touid="15043" script="quests elegancy/mistery.lua" />
	<action fromuid="15044" touid="15046" script="quests elegancy/doll.lua" />
	<action fromuid="15047" touid="15056" script="quests elegancy/summonquest.lua" />
	
	
	
	<action fromuid="16016" touid="16022" script="quests elegancy/legendaryarmas.lua" />
	<action fromuid="16023" touid="16034" script="quests elegancy/legendaryset.lua" />
	
	
	<!-- Addons -->
	<action fromid="18517" toid="18522" script="addons/addons.lua" />
	<action fromid="13540" toid="13545" script="addons/afflictedOutfit.lua" />
	<action fromid="13925" toid="13926" script="addons/afflictedOutfit.lua" />
	<action fromid="30890" toid="30892" script="addons/addons.lua" />

	<!-- Adventurer's Guild -->
	<action itemid="18559" script="adventurers guild/adventurersStone.lua" />
	<action fromid="19598" toid="19599" script="adventurers guild/magicDoor.lua" />
	<action actionid="50806" script="quests/adventurers guild/warrior skeleton.lua" />
	<action actionid="50808" script="quests/adventurers guild/treasure.lua" />

	<!-- Annihilator Quest -->
	<action actionid="2214" script="quests/annihilator/door.lua" />
	<action uniqueid="2208" script="quests/annihilator/lever.lua" />
	<action uniqueid="2209" script="quests/annihilator/lever2.lua" />
	<action uniqueid="2210" script="quests/annihilator/lever3.lua" />
	<action uniqueid="2211" script="quests/annihilator/lever4.lua" />

	

	<!-- Mounts Items -->
	<!-- Mounts Items -->
	<action itemid="5907" script="others/mounts/mounts.lua" />
	<action itemid="13247" script="others/mounts/mounts.lua" />
	<action fromid="13291" toid="13295" script="others/mounts/mounts.lua" />
	<action itemid="13298" script="others/mounts/mounts.lua" />
	<action itemid="13305" script="others/mounts/mounts.lua" />
	<action itemid="13307" script="others/mounts/mounts.lua" />
	<action itemid="13508" script="others/mounts/mounts.lua" />
	<action itemid="13498" script="others/mounts/mounts.lua" />
	<action itemid="13537" script="others/mounts/mountDonkey.lua" />
	<action fromid="13535" toid="13536" script="others/mounts/mounts.lua" />
	<action fromid="13538" toid="13539" script="others/mounts/mounts.lua" />
	<action fromid="13938" toid="13939" script="others/mounts/mounts.lua" />
	<action fromid="15545" toid="15546" script="others/mounts/mounts.lua" />
	<action fromid="18447" toid="18449" script="others/mounts/mounts.lua" />
	<action itemid="18516" script="others/mounts/mounts.lua" />
	<action itemid="20138" script="others/mounts/mounts.lua" />
	<action itemid="21452" script="others/mounts/mounts.lua" />
	<action itemid="22608" script="others/mounts/mounts.lua" />
	<action itemid="23557" script="others/mounts/mounts.lua" />
	<action itemid="23810" script="others/mounts/mounts.lua" />
	<action itemid="30840" script="others/mounts/mounts.lua" />
	<action itemid="27628" script="others/mounts/mounts.lua" /> <!--stone rhino-->
	<action itemid="32491" script="others/mounts/mounts.lua" /> <!--flying book-->
	<action itemid="34808" script="others/mounts/mounts.lua" /> <!--lacewing moth-->
	<action itemid="34809" script="others/mounts/mounts.lua" /> <!--hibernal moth-->
	<action itemid="36411" script="others/mounts/mounts.lua" />	<!--gryphon-->
	<action itemid="18511" script="others/mounts/musicBox.lua" />


	<!-- Others -->
	<action fromid="22614" toid="22615" script="others/transform.lua"/>
	<action fromid="24809" toid="24810" script="others/transform.lua"/>
	<action fromid="25420" toid="25421" script="others/transform.lua"/>
	<action itemid="3900" script="others/watch.lua" />
	<action itemid="2036" script="others/watch.lua" />
	<action fromid="1728" toid="1731" script="others/watch.lua" />
	<action itemid="2579" script="others/trap.lua" />
	<action fromid="2070" toid="2085" script="others/music.lua" />
	<action itemid="2332" script="others/music.lua" />
	<action itemid="2364" script="others/music.lua" />
	<action fromid="2367" toid="2374" script="others/music.lua" />
	<action fromid="3951" toid="3953" script="others/music.lua" />
	<action itemid="5786" script="others/music.lua" />
	<action itemid="13759" script="others/music.lua" />
	<action fromid="2041" toid="2042" script="others/decayTo.lua" />
	<action fromid="2044" toid="2045" script="others/decayTo.lua" />
	<action fromid="2047" toid="2048" script="others/decayTo.lua" />
	<action fromid="2050" toid="2055" script="others/decayTo.lua" />
	<action itemid="430" script="others/teleport.lua" />
	<action itemid="8580" script="others/teleport.lua" />
	<action itemid="1386" script="others/teleport.lua" />
	<action itemid="3678" script="others/teleport.lua" />
	<action itemid="5543" script="others/teleport.lua" />
	<action itemid="22845" script="others/teleport.lua" />
	<action itemid="22846" script="others/teleport.lua" />
	<action itemid="33397" script="others/teleport.lua" />
	<action itemid="35005" script="others/teleport.lua" />
	<action itemid="36097" script="others/teleport.lua" />
	<action fromid="2376" toid="2404" script="others/destroy.lua" />
	<action itemid="2406" script="others/destroy.lua" />
	<action fromid="2408" toid="2415" script="others/destroy.lua" />
	<action fromid="2417" toid="2418" script="others/destroy.lua" />
	<action fromid="2421" toid="2453" script="others/destroy.lua" />
	<action fromid="5792" toid="5797" script="others/dice.lua" />
	<action itemid="6277" script="others/baking.lua" />
	<action itemid="8846" script="others/baking.lua" />
	<action fromid="2692" toid="2694" script="others/baking.lua" />
	<action fromid="6436" toid="6447" script="others/windows.lua" />
	<action fromid="6450" toid="6473" script="others/windows.lua" />
	<action fromid="6788" toid="6791" script="others/windows.lua" />
	<action fromid="7025" toid="7032" script="others/windows.lua" />
	<action fromid="10264" toid="10267" script="others/windows.lua" />
	<action fromid="10488" toid="10491" script="others/windows.lua" />
	<!-- Others (Doors) -->
	<action fromid="14755" toid="14760" script="others/doors/doorsHive1.lua" />
	<action fromid="14767" toid="14771" script="others/doors/doorsHive2.lua" />
	<!-- Others (Objects) -->
	<action itemid="3957" script="others/objects/cornucopia.lua"/>
	<action itemid="7737" script="others/objects/costumeBags.lua" />
	<action itemid="7739" script="others/objects/costumeBags.lua" />
	<action itemid="9076" script="others/objects/costumeBags.lua" />
	<action itemid="13941" script="others/objects/cupOfMoltenGold.lua" />
	<action fromid="32384" toid="32386" script="others/objects/exerciseTraining.lua"/>
	<action fromid="32387" toid="32389" script="others/objects/exerciseTraining.lua" allowfaruse="1"/>
	<action fromid="32124" toid="32126" script="others/objects/exerciseTraining.lua"/>
	<action fromid="32127" toid="32129" script="others/objects/exerciseTraining.lua" allowfaruse="1"/>
	<action fromid="28026" toid="28028" script="others/objects/exerciseTraining2.lua"/>
	<action fromid="28029" toid="28031" script="others/objects/exerciseTraining2.lua" allowfaruse="1"/>
	<action itemid="28020" script="others/objects/exerciseTraining.lua" />
	<action itemid="6576" script="others/objects/fireworksRocket.lua" />
	<action itemid="26347" script="others/objects/fishTank.lua"/>
	<action itemid="23574" script="others/objects/gloothBag.lua"/>
	<action itemid="26378" script="others/objects/goldConverter.lua"/>
	<action itemid="29020" script="others/objects/goldConverter.lua"/>
	<action itemid="32109" script="others/objects/magicGoldConverter.lua"/>
	<action itemid="33299" script="others/objects/magicGoldConverter.lua"/>
	
	<action itemid="5957" script="others/objects/lotteryTicket.lua" />
	<action itemid="18395" script="others/objects/muckRemover.lua" />
	<action itemid="6578" script="others/objects/partyHat.lua" />
	<action itemid="6572" script="others/objects/partyTrumpet.lua" />
	<action itemid="2114" script="others/objects/piggyBank.lua" />
	<action itemid="20220" script="others/objects/rafzanElevator.lua" />
	<action itemid="20224" script="others/objects/rafzanElevator.lua" />
	<action itemid="22542" script="others/objects/stringOfMending.lua"/>
	<action itemid="26333" script="others/objects/surpriseBox.lua"/>
	<action fromid="6570" toid="6571" script="others/objects/surpriseBag.lua" />
	<action itemid="24324" script="others/objects/sweetHeart.lua"/>
	<action itemid="3955" script="others/objects/voodooDoll.lua" />
	<!-- Others (Houses) -->
	<action fromuid="12140" touid="12149" script="others/houses/oreWagon.lua" />
	<action fromid="26364" toid="26365" script="others/houses/pet.lua" />
	<action fromid="26098" toid="26099" script="others/houses/pet.lua" />
	<action fromid="26094" toid="26097" script="others/houses/statue.lua" />
	<action fromid="36336" toid="36351" script="others/houses/golden_outfit_display.lua" />
	<!-- Others (Variables) -->
	<action itemid="6558" script="others/variables/concentratedDemonicBlood.lua" />
	<action fromid="11258" toid="11262" script="others/variables/blessingCharms.lua" />
	<action fromid="28036" toid="28037" script="others/variables/blessingCharms.lua" />
	<action itemid="2785" script="others/variables/blueberryBush.lua" />
	<action fromid="7634" toid="7636" script="others/variables/caskKegs.lua"/>
	<action itemid="5928" script="others/variables/catchFish.lua" />
	<action itemid="11339" script="others/variables/clayLump.lua" />
	<action fromaid="61611" toaid="61627" script="others/variables/insectoidCell.lua" />
	<action itemid="12424" script="others/variables/checkBless.lua" />
	<action itemid="6561" script="others/variables/checkBless.lua" />
	<action fromid="29423" toid="29430" script="others/variables/magicTree.lua"/>
	<action fromid="36353" toid="36358" script="others/variables/goldenOutfitMemorial.lua" />
	<action fromid="18488" toid="18492" script="others/variables/offlineTraining.lua" />
	<action itemid="12397" script="others/variables/offlineTrainingBook.lua" />
	<action itemid="5467" script="others/variables/createSugarOat.lua" />
	<action itemid="1369" script="others/variables/teleportDrawwell.lua" />
	<action fromaid="50030" toaid="50056" script="others/variables/thaisExhibition.lua" />
	<action itemid="22598" script="others/variables/unrealizedDream.lua"/>
	<action itemid="22726" script="others/variables/ursagrodon.lua" />
	<action fromid="29021" toid="29024" script="others/variables/dailyrewardactions.lua"/>
	<action fromid="29089" toid="29090" script="others/variables/dailyrewardactions.lua"/>
	<!-- Others (Weapons Enchanting Gems) -->
	<action itemid="2146" script="others/shrines/iceFeyristEntrance.lua" />
	<action itemid="2147" script="others/shrines/fireFeyristEntrance.lua" />
	<action itemid="2149" script="others/shrines/earthFeyristEntrance.lua" />
	<action itemid="2150" script="others/shrines/energyFeyristEntrance.lua" />
	<action fromaid="24999" toaid="25002" script="others/shrines/feyristExit.lua" />
	<action fromid="7759" toid="7762" script="others/enchanting.lua" />


	<!-- Store -->
	<action fromid="26090" toid="26093" script="others/transform.lua"/>
	<action fromid="26100" toid="26101" script="others/transform.lua"/>
	<action fromid="26107" toid="26108" script="others/transform.lua"/>
	<action fromid="26141" toid="26142" script="others/transform.lua"/>
	<action itemid="26353" script="others/transform.lua"/><!-- dog house-->
	<action fromid="27102" toid="27103" script="others/transform.lua" /> <!-- Skull Lamp -->
	<action fromid="27100" toid="27101" script="others/transform.lua" /> <!-- Parrot -->
	<action fromid="27887" toid="27888" script="others/transform.lua" /> <!-- Vengothic Lamp -->
	<action fromid="29312" toid="29313" script="others/transform.lua" /> <!-- Bath Tub -->
	<action itemid="29314" script="others/transform.lua" /> <!-- Spider Terrarium -->
	<action fromid="29317" toid="29320" script="others/transform.lua" /> <!-- Hrodmiran weapons rack -->
	<action fromid="29407" toid="29408" script="others/transform.lua" /> <!-- Snake Terrarium -->
	<action fromid="29409" toid="29412" script="others/transform.lua" /> <!-- Demon Pet -->
	<action itemid="32390" script="others/transform.lua" /> <!-- Baby Rotworm -->
	<action itemid="32394" script="others/transform.lua" /> <!-- Fennec -->
	<action fromid="35031" toid="35032" script="others/transform.lua" /> <!-- Festive Tree -->
	<action fromid="35042" toid="35043" script="others/transform.lua" /> <!-- Festive Pyramid -->
	<action fromid="36031" toid="36032" script="others/transform.lua" /> <!-- Crystal Lamp -->
	<action fromid="36048" toid="36051" script="others/transform.lua" /> <!-- Idol Lamp -->
	<action itemid="36509" script="others/transform.lua"/><!-- omniscient owl -->
	<action fromid="36516" toid="36517" script="others/transform.lua" /> <!-- Hedgehog -->
	<action fromid="36518" toid="36519" script="others/transform.lua" /> <!-- Exalted Sarcophagus -->
	<action fromid="36530" toid="36531" script="others/transform.lua" /> <!-- Curly Hortensis Lamp -->
	<action fromid="36532" toid="36533" script="others/transform.lua" /> <!-- Little big flower lamp -->
	<action fromid="36538" toid="36539" script="others/transform.lua" /> <!-- Baby Unicorn -->

	<!-- Carpets -->
	<action itemid="25392" script="others/carpets.lua"/> <!-- rift carpet-->
	<action itemid="25393" script="others/carpets.lua"/> <!-- rift carpet-->
	<action itemid="26192" script="others/carpets.lua"/> <!-- void carpet-->
	<action itemid="26193" script="others/carpets.lua"/> <!-- void carpet-->
	<action itemid="26087" script="others/carpets.lua"/> <!-- yalahar carpet-->
	<action itemid="26109" script="others/carpets.lua"/> <!-- yalahar carpet-->
	<action itemid="26088" script="others/carpets.lua"/> <!-- white fur -->
	<action itemid="26110" script="others/carpets.lua"/> <!-- white fur -->
	<action itemid="26089" script="others/carpets.lua"/> <!-- bamboo mat -->
	<action itemid="26111" script="others/carpets.lua"/> <!-- bamboo mat -->
	<action itemid="26366" script="others/carpets.lua"/> <!-- azure carpet -->
	<action itemid="26372" script="others/carpets.lua"/> <!-- azure carpet -->
	<action itemid="26363" script="others/carpets.lua"/> <!-- crimson carpet -->
	<action itemid="26371" script="others/carpets.lua"/> <!-- crimson carpet -->
	<action itemid="26367" script="others/carpets.lua"/> <!-- emerald carpet -->
	<action itemid="26373" script="others/carpets.lua"/> <!-- emerald carpet -->
	<action itemid="26368" script="others/carpets.lua"/> <!-- light parquet -->
	<action itemid="26374" script="others/carpets.lua"/> <!-- light parquet -->
	<action itemid="26369" script="others/carpets.lua"/> <!-- dark parquet -->
	<action itemid="26375" script="others/carpets.lua"/> <!-- dark parquet -->
	<action itemid="26370" script="others/carpets.lua"/> <!-- marble floor -->
	<action itemid="26376" script="others/carpets.lua"/> <!-- marble floor -->
	<action itemid="27084" script="others/carpets.lua"/> <!-- flowery carpet -->
	<action itemid="27092" script="others/carpets.lua"/> <!-- flowery carpet -->
	<action itemid="27085" script="others/carpets.lua"/> <!-- Colourful Carpet -->
	<action itemid="27093" script="others/carpets.lua"/> <!-- Colourful Carpet -->
	<action itemid="27086" script="others/carpets.lua"/> <!-- striped carpet -->
	<action itemid="27094" script="others/carpets.lua"/> <!-- striped carpet -->
	<action itemid="27087" script="others/carpets.lua"/> <!-- fur carpet -->
	<action itemid="27095" script="others/carpets.lua"/> <!-- fur carpet -->
	<action itemid="27088" script="others/carpets.lua"/> <!-- diamond carpet -->
	<action itemid="27096" script="others/carpets.lua"/> <!-- diamond carpet -->
	<action itemid="27089" script="others/carpets.lua"/> <!-- patterned carpet -->
	<action itemid="27097" script="others/carpets.lua"/> <!-- patterned carpet -->
	<action itemid="27090" script="others/carpets.lua"/> <!-- night sky carpet -->
	<action itemid="27098" script="others/carpets.lua"/> <!-- night sky carpet -->
	<action itemid="27091" script="others/carpets.lua"/> <!-- star carpet -->
	<action itemid="27099" script="others/carpets.lua"/> <!-- star carpet -->
	<action itemid="29349" script="others/carpets.lua"/> <!-- verdant carpet -->
	<action itemid="29350" script="others/carpets.lua"/> <!-- verdant carpet -->
	<action itemid="29351" script="others/carpets.lua"/> <!-- shaggy carpet -->
	<action itemid="29352" script="others/carpets.lua"/> <!-- shaggy carpet -->
	<action itemid="29353" script="others/carpets.lua"/> <!-- mystic carpet -->
	<action itemid="29354" script="others/carpets.lua"/> <!-- mystic carpet -->
	<action itemid="29355" script="others/carpets.lua"/> <!-- stone tile -->
	<action itemid="29356" script="others/carpets.lua"/> <!-- stone tile -->
	<action itemid="29357" script="others/carpets.lua"/> <!-- stone tile -->
	<action itemid="29358" script="others/carpets.lua"/> <!-- wooden planks -->
	<action itemid="29359" script="others/carpets.lua"/> <!-- wooden planks -->
	<action itemid="29386" script="others/carpets.lua"/> <!-- wheat carpet -->
	<action itemid="29387" script="others/carpets.lua"/> <!-- wheat carpet -->
	<action itemid="29388" script="others/carpets.lua"/> <!-- crested carpet -->
	<action itemid="29389" script="others/carpets.lua"/> <!-- crested carpet -->
	<action itemid="29390" script="others/carpets.lua"/> <!-- decorated carpet -->
	<action itemid="29391" script="others/carpets.lua"/> <!-- decorated carpet -->


	<!-- Others (Quests) -->
	<action actionid="64434" script="quests/others/doorcomb.lua" />
	<action fromaid="4249" toaid="4250" script="quests/others/draconiaQuestWalls.lua" />
	<action actionid="5556" script="quests/others/plateArmorQuest.lua" />
	<action actionid="5558" script="quests/others/blackKnightQuest.lua" />
	<action itemid="4863" script="quests/others/ectoplasmContainer.lua" />
	<action itemid="7494" script="quests/others/holyWater.lua" />
	<action actionid="5632" script="quests/others/serpentineTowerTorch.lua" />
	<action actionid="5633" script="quests/others/serpentineTowerLever.lua" />
	<action actionid="4210" script="quests/others/senjaCastleLever.lua" />
	<action actionid="19910" script="quests/others/stealFromThieves.lua" />
	<action uniqueid="9177" script="quests/others/ironHelmetLever.lua" />
	<action uniqueid="9192" script="quests/others/orcEdronLever.lua" />
	<action uniqueid="1912" script="quests/others/desertDungeonLeverQuest.lua" />
	<action uniqueid="50023" script="quests/others/triangleTowerLever.lua" />
	<action fromaid="50023" toaid="50024" script="quests/others/thaisLightHouseLever.lua" />
	<action actionid="50027" script="quests/others/hellGateLever.lua" />
	<action actionid="50129" script="quests/others/lifeRingLever.lua" />
	<action itemid="10523" script="quests/others/deeperBanutaShortcut.lua" />
	<action actionid="50161" script="quests/others/calassaCombDoor.lua" />
	<action itemid="5468" script="quests/others/fireBug.lua" />
	<!-- Others (Quests) Systems -->
	<action actionid="2000" script="quests/others/systems/system.lua" />
	<action actionid="2001" script="quests/others/systems/system2.lua" />
	<action actionid="2016" script="quests/others/systems/system.lua" />
	<action actionid="2215" script="quests/others/systems/system.lua" />
	<action actionid="10544" script="quests/others/systems/system.lua" />
	<action actionid="12374" script="quests/others/systems/system.lua" />
	<action actionid="12513" script="quests/others/systems/system.lua" />
	<action actionid="26300" script="quests/others/systems/system.lua" />
	<action actionid="27300" script="quests/others/systems/system.lua" />
	<action actionid="28300" script="quests/others/systems/system.lua" />

	<!-- Tools -->
	<action itemid="13158" script="tools/present.lua" />
	<action itemid="8717" script="tools/lockPick.lua" />
	<action itemid="8613" script="tools/bricklayerKit.lua" />
	<action itemid="2557" script="tools/hammer.lua" />
	<action itemid="2558" script="tools/saw.lua" />
	<action itemid="5865" script="tools/juiceSqueezer.lua" />
	<action itemid="2416" script="tools/crowbar.lua" />
	<action itemid="2420" script="tools/machete.lua" />
	<action itemid="2565" script="tools/spoon.lua" />
	<action itemid="2566" script="tools/kitchenknife.lua" />
	<action itemid="2549" script="tools/rake.lua" />
	<action itemid="2550" script="tools/scythe.lua" />
	<action itemid="2580" script="tools/fishing.lua" allowfaruse="1" />

	<action itemid="10223" script="tools/fish2.lua" allowfaruse="1" />

	<action itemid="5710" script="tools/shovel.lua" />
	<action itemid="2554" script="tools/shovel.lua" />
	<action itemid="2120" script="tools/rope.lua" />
	<action itemid="7731" script="tools/rope.lua" />
	<action itemid="5908" script="tools/skinning.lua" />
	<action itemid="5942" script="tools/skinning.lua" />
	<action itemid="9930" script="tools/rustremover.lua" />
	<action itemid="10511" script="tools/toolgear.lua" />
	<action itemid="10513" script="tools/toolgear.lua" />
	<action itemid="10515" script="tools/toolgear.lua" />
	<action itemid="10309" script="tools/noxiousclaw.lua" />

	<action itemid="2405" script="tools/sickle.lua" />

	<!-- Increase/Decrease ItemId -->
	<action itemid="1479" toid="1480" script="others/decayTo.lua" />
	<action itemid="1480" toid="1479" script="others/decayTo.lua" />
	<action itemid="1634" toid="1635" script="others/decayTo.lua" />
	<action itemid="1635" toid="1634" script="others/decayTo.lua" />
	<action itemid="1636" toid="1637" script="others/decayTo.lua" />
	<action itemid="1637" toid="1636" script="others/decayTo.lua" />
	<action itemid="1638" toid="1639" script="others/decayTo.lua" />
	<action itemid="1639" toid="1638" script="others/decayTo.lua" />
	<action itemid="1640" toid="1641" script="others/decayTo.lua" />
	<action itemid="1641" toid="1640" script="others/decayTo.lua" />
	<action itemid="1786" toid="1787" script="others/decayTo.lua" />
	<action itemid="1787" toid="1786" script="others/decayTo.lua" />
	<action itemid="1788" toid="1789" script="others/decayTo.lua" />
	<action itemid="1789" toid="1788" script="others/decayTo.lua" />
	<action itemid="1790" toid="1791" script="others/decayTo.lua" />
	<action itemid="1791" toid="1790" script="others/decayTo.lua" />
	<action itemid="1792" toid="1793" script="others/decayTo.lua" />
	<action itemid="1793" toid="1792" script="others/decayTo.lua" />
	<action itemid="1873" toid="1874" script="others/decayTo.lua" />
	<action itemid="1874" toid="1873" script="others/decayTo.lua" />
	<action itemid="1875" toid="1876" script="others/decayTo.lua" />
	<action itemid="1876" toid="1875" script="others/decayTo.lua" />
	<action itemid="1945" toid="1946" script="others/decayTo.lua" />
	<action itemid="1946" toid="1945" script="others/decayTo.lua" />
	<action itemid="2037" toid="2038" script="others/decayTo.lua" />
	<action itemid="2038" toid="2037" script="others/decayTo.lua" />
	<action itemid="2039" toid="2040" script="others/decayTo.lua" />
	<action itemid="2040" toid="2039" script="others/decayTo.lua" />
	<action itemid="2058" toid="2059" script="others/decayTo.lua" />
	<action itemid="2059" toid="2058" script="others/decayTo.lua" />
	<action itemid="2060" toid="2061" script="others/decayTo.lua" />
	<action itemid="2061" toid="2060" script="others/decayTo.lua" />
	<action itemid="2064" toid="2065" script="others/decayTo.lua" />
	<action itemid="2065" toid="2064" script="others/decayTo.lua" />
	<action itemid="2066" toid="2067" script="others/decayTo.lua" />
	<action itemid="2067" toid="2066" script="others/decayTo.lua" />
	<action itemid="2068" toid="2069" script="others/decayTo.lua" />
	<action itemid="2069" toid="2068" script="others/decayTo.lua" />
	<action itemid="2578" toid="2579" script="others/decayTo.lua" />
	<action itemid="2096" toid="2097" script="others/decayTo.lua" />
	<action itemid="2097" toid="2096" script="others/decayTo.lua" />
	<action itemid="2162" toid="2163" script="others/decayTo.lua" />
	<action itemid="2163" toid="2162" script="others/decayTo.lua" />
	<action itemid="3697" toid="3698" script="others/decayTo.lua" />
	<action itemid="3698" toid="3697" script="others/decayTo.lua" />
	<action itemid="3743" toid="3744" script="others/decayTo.lua" />
	<action itemid="3744" toid="3743" script="others/decayTo.lua" />
	<action itemid="3947" toid="3948" script="others/decayTo.lua" />
	<action itemid="3948" toid="3948" script="others/decayTo.lua" />
	<action itemid="5812" toid="5813" script="others/decayTo.lua" />
	<action itemid="5813" toid="5812" script="others/decayTo.lua" />
	<action itemid="6489" toid="6490" script="others/decayTo.lua" />
	<action itemid="6490" toid="6489" script="others/decayTo.lua" />
	<action itemid="7058" toid="7059" script="others/decayTo.lua" />
	<action itemid="7059" toid="7059" script="others/decayTo.lua" />
	<action itemid="8684" toid="8685" script="others/decayTo.lua" />
	<action itemid="8685" toid="8684" script="others/decayTo.lua" />
	<action itemid="8686" toid="8687" script="others/decayTo.lua" />
	<action itemid="8687" toid="8686" script="others/decayTo.lua" />
	<action itemid="8688" toid="8689" script="others/decayTo.lua" />
	<action itemid="8689" toid="8688" script="others/decayTo.lua" />
	<action itemid="8690" toid="8691" script="others/decayTo.lua" />
	<action itemid="8691" toid="8690" script="others/decayTo.lua" />
	<action itemid="9575" toid="9576" script="others/decayTo.lua" />
	<action itemid="9576" toid="9575" script="others/decayTo.lua" />
	<action itemid="9577" toid="9578" script="others/decayTo.lua" />
	<action itemid="9578" toid="9577" script="others/decayTo.lua" />
	<action itemid="9579" toid="9580" script="others/decayTo.lua" />
	<action itemid="9580" toid="9579" script="others/decayTo.lua" />
	<action itemid="9581" toid="9582" script="others/decayTo.lua" />
	<action itemid="9582" toid="9581" script="others/decayTo.lua" />
	<action itemid="9747" toid="9748" script="others/decayTo.lua" />
	<action itemid="9748" toid="9747" script="others/decayTo.lua" />
	<action itemid="9749" toid="9750" script="others/decayTo.lua" />
	<action itemid="9750" toid="9749" script="others/decayTo.lua" />
	<action itemid="19691" toid="19692" script="others/decayTo.lua" />
	<action itemid="19692" toid="19691" script="others/decayTo.lua" />
	<action itemid="22868" toid="22869" script="others/decayTo.lua" />
	<action itemid="22869" toid="22868" script="others/decayTo.lua" />
	<action itemid="22870" toid="22871" script="others/decayTo.lua" />
	<action itemid="22871" toid="22870" script="others/decayTo.lua" />
	<action itemid="22872" toid="22873" script="others/decayTo.lua" />
	<action itemid="22873" toid="22872" script="others/decayTo.lua" />
	<action itemid="22874" toid="22875" script="others/decayTo.lua" />
	<action itemid="22875" toid="22870" script="others/decayTo.lua" />
	<action itemid="32023" toid="32070" script="others/decayTo.lua" /> <!-- Light of Change Empty to Red -->
	<action itemid="32070" toid="33174" script="others/decayTo.lua" /> <!-- Light of Change Red to Green -->
	<action itemid="33174" toid="32026" script="others/decayTo.lua" /> <!-- Light of Change Green to Blue -->
	<action itemid="32026" toid="32023" script="others/decayTo.lua" /> <!-- Light of Change Blue to Empty -->
	<action fromid="32036" toid="32037" script="others/decayTo.lua" /> <!-- Pile of alchemistic books -->
	<action fromid="32258" toid="32259" script="others/decayTo.lua" /> <!-- Anglerfish Lamp -->
	<action fromid="32759" toid="32762" script="others/decayTo.lua" /> <!-- Bonelord Statue -->
	<action fromid="32769" toid="32772" script="others/decayTo.lua" /> <!-- Scholar Bust -->
	<action fromid="32773" toid="32776" script="others/decayTo.lua" /> <!-- Scholar Bust -->
	<action fromid="33491" toid="33492" script="others/decayTo.lua" /> <!-- Fluorescent Fungi -->
	<action fromid="33493" toid="33494" script="others/decayTo.lua" /> <!-- Luminescent Fungi -->
	<action fromid="33495" toid="33496" script="others/decayTo.lua" /> <!-- Glowing Sulphur Fungi -->
	<action fromid="33497" toid="33498" script="others/decayTo.lua" /> <!-- Gloomy Poisonous Fungi -->

	<!-- Food -->
	<action itemid="2695" script="others/consumables/food.lua" />
	<action itemid="2362" script="others/consumables/food.lua" />
	<action fromid="2666" toid="2691" script="others/consumables/food.lua" />
	<action itemid="2696" script="others/consumables/food.lua" />
	<action fromid="2787" toid="2796" script="others/consumables/food.lua" />
	<action itemid="5097" script="others/consumables/food.lua" />
	<action itemid="6125" script="others/consumables/food.lua" />
	<action fromid="6278" toid="6279" script="others/consumables/food.lua" />
	<action fromid="6393" toid="6394" script="others/consumables/food.lua" />
	<action itemid="6501" script="others/consumables/food.lua" />
	<action fromid="6507" toid="6509" script="others/consumables/food.lua" />
	<action fromid="6541" toid="6545" script="others/consumables/food.lua" />
	<action itemid="6569" script="others/consumables/food.lua" />
	<action itemid="6574" script="others/consumables/food.lua" />
	<action fromid="7158" toid="7159" script="others/consumables/food.lua" />
	<action fromid="7372" toid="7377" script="others/consumables/food.lua" />
	<action fromid="7909" toid="7910" script="others/consumables/food.lua" />
	<action itemid="7963" script="others/consumables/food.lua" />
	<action itemid="7966" script="others/consumables/food.lua" />
	<action itemid="8112" script="others/consumables/food.lua" />
	<action fromid="8838" toid="8845" script="others/consumables/food.lua" />
	<action itemid="8847" script="others/consumables/food.lua" />
	<action itemid="9005" script="others/consumables/food.lua" />
	<action itemid="9114" script="others/consumables/food.lua" />
	
	<action itemid="10454" script="others/consumables/food.lua" />
	<action itemid="11246" script="others/consumables/food.lua" />
	<action itemid="11370" script="others/consumables/food.lua" />
	<action itemid="11429" script="others/consumables/food.lua" />
	<action fromid="12415" toid="12418" script="others/consumables/food.lua" />
	
	
	<action fromid="12637" toid="12639" script="others/consumables/food.lua" />
	<action itemid="13297" script="others/consumables/food.lua" />
	<action itemid="15405" script="others/consumables/food.lua" />
	<action fromid="15487" toid="15488" script="others/consumables/food.lua" />
	<action itemid="16014" script="others/consumables/food.lua" />
	<action itemid="18306" script="others/consumables/food.lua" />
	<action itemid="18397" script="others/consumables/food.lua" />
	<action itemid="19737" script="others/consumables/food.lua" />
	<action fromid="20100" toid="20101" script="others/consumables/food.lua" />
	<action itemid="22644" script="others/consumables/food.lua" />
	<action fromid="23514" toid="23517" script="others/consumables/food.lua" />
	<action itemid="24841" script="others/consumables/food.lua" />
	<action itemid="24843" script="others/consumables/food.lua" />
	<action itemid="26191" script="others/consumables/food.lua" />
	<action itemid="26201" script="others/consumables/food.lua" />
	<action fromid="27050" toid="27051" script="others/consumables/food.lua" />
	<action itemid="27064" script="others/consumables/food.lua" />
	<action itemid="28997" script="others/consumables/food.lua" />
	
	<action itemid="35057" script="others/consumables/food.lua" />
	<action itemid="35060" script="others/consumables/food.lua" />
	

	<!-- Construction Kits / Beds -->
	<action fromid="3901" toid="3938" script="others/kits/constructionkits.lua" />
	<action fromid="5086" toid="5088" script="others/kits/constructionkits.lua" />
	<action itemid="6114" script="others/kits/constructionkits.lua" />
	<action itemid="6115" script="others/kits/constructionkits.lua" />
	<action itemid="6373" script="others/kits/constructionkits.lua" />
	<action itemid="8692" script="others/kits/constructionkits.lua" />
	<action itemid="9974" script="others/kits/constructionkits.lua" />
	<action itemid="11124" script="others/kits/constructionkits.lua" />
	<action itemid="11126" script="others/kits/constructionkits.lua" />
	<action itemid="11133" script="others/kits/constructionkits.lua" />
	<action itemid="11205" script="others/kits/constructionkits.lua" />
	<action itemid="14328" script="others/kits/constructionkits.lua" />
	<action itemid="14329" script="others/kits/constructionkits.lua" />
	<action itemid="16075" script="others/kits/constructionkits.lua" />
	<action itemid="16099" script="others/kits/constructionkits.lua" />
	<action itemid="20254" script="others/kits/constructionkits.lua" />
	<action itemid="20255" script="others/kits/constructionkits.lua" />
	<action itemid="20257" script="others/kits/constructionkits.lua" />
	<action fromid="7904" toid="7907" script="others/kits/bedModificationKits.lua" />
	<action itemid="20252" script="others/kits/bedModificationKits.lua" />

	<!-- Potions / Fluids -->
	<action fromid="2005" toid="2009" script="others/consumables/fluids.lua" />
	<action fromid="2011" toid="2015" script="others/consumables/fluids.lua" />
	<action itemid="2023" script="others/consumables/fluids.lua" />
	<action itemid="1775" script="others/consumables/fluids.lua" />
	<action fromid="2031" toid="2034" script="others/consumables/fluids.lua" />
	<action itemid="2562" script="others/consumables/fluids.lua" />
	<action fromid="2574" toid="2577" script="others/consumables/fluids.lua" />
	<action itemid="26031" script="others/consumables/potions.lua" />
	<action itemid="26030" script="others/consumables/potions.lua" />
	<action itemid="26029" script="others/consumables/potions.lua" />
	<action itemid="7588" script="others/consumables/potions.lua" />
	<action itemid="7589" script="others/consumables/potions.lua" />
	<action itemid="7590" script="others/consumables/potions.lua" />
	<action itemid="7591" script="others/consumables/potions.lua" />
	<action itemid="7618" script="others/consumables/potions.lua" />
	<action itemid="7620" script="others/consumables/potions.lua" />
	<action itemid="8472" script="others/consumables/potions.lua" />
	<action itemid="8473" script="others/consumables/potions.lua" />
	
	<action itemid="8704" script="others/consumables/potions.lua" />
	<action itemid="7439" script="others/consumables/potionsStrengThening.lua" />
	<action itemid="7440" script="others/consumables/potionsStrengThening.lua" />
	<action itemid="7443" script="others/consumables/potionsStrengThening.lua" />


    <action itemid="39392" script="others/consumables/potions.lua" />
	<action itemid="39394" script="others/consumables/potions.lua" />
	<action itemid="39393" script="others/consumables/potions.lua" />
	<action itemid="39395" script="others/consumables/potions.lua" />
	<action itemid="39397" script="others/consumables/potions.lua" />
	<action itemid="39396" script="others/consumables/potions.lua" />
	
	<action itemid="39520" script="others/consumables/potions2.lua" />
	<action itemid="39518" script="others/consumables/potions2.lua" />
	<action itemid="39519" script="others/consumables/potions2.lua" />
	
	<action itemid="39377" script="others/consumables/potions2.lua" />
	
	
    <action itemid="39761" script="others/consumables/potions3.lua" />
	<action itemid="39759" script="others/consumables/potions3.lua" />
	<action itemid="39760" script="others/consumables/potions3.lua" />
	<action itemid="8474" script="others/consumables/potions3.lua" />
	
   
	<!-- Market -->
	<action itemid="14405" function="market" />

	<!-- Supply stash -->
  	<action itemid="32450" script="others/objects/supplystash.lua" />

	<!-- Dolls -->
	<action itemid="5080" script="others/dolls.lua" />
	<action itemid="5669" script="others/dolls.lua" />
	<action itemid="6388" script="others/dolls.lua" />
	<action itemid="6512" script="others/dolls.lua" />
	<action itemid="6566" script="others/dolls.lua" />
	<action itemid="8974" script="others/dolls.lua" />
	<action itemid="8977" script="others/dolls.lua" />
	<action itemid="8981" script="others/dolls.lua" />
	

	<!-- Valuables -->
	<action itemid="13670" script="valuables/randomitems.lua" />
	<action itemid="15572" script="valuables/randomitems.lua" />
	<action itemid="18215" script="valuables/randomitems.lua" />
	<action itemid="25419" script="valuables/randomitems.lua" />
	<action itemid="26165" script="valuables/randomitems.lua" />
	<action itemid="32014" script="valuables/randomitems.lua" />
</actions>

<!--
ununseds aids: 24847 to 24857

-->
